DifferentXY[0, 1]_and_OutDiag1[0, 1]_and_OutDiag2[0, 1][0, 1]
DifferentXY[0, 2]_and_OutDiag1[0, 2]_and_OutDiag2[0, 2][0, 2]
DifferentXY[1, 2]_and_OutDiag1[1, 2]_and_OutDiag2[1, 2][1, 2]
DifferentXY[2, 3]_and_OutDiag1[2, 3]_and_OutDiag2[2, 3][2, 3]
DifferentXY[1, 3]_and_OutDiag1[1, 3]_and_OutDiag2[1, 3][1, 3]
DifferentXY[0, 3]_and_OutDiag1[0, 3]_and_OutDiag2[0, 3][0, 3]
DifferentXY[2, 4]_and_OutDiag1[2, 4]_and_OutDiag2[2, 4][2, 4]
DifferentXY[3, 4]_and_OutDiag1[3, 4]_and_OutDiag2[3, 4][3, 4]
DifferentXY[0, 4]_and_OutDiag1[0, 4]_and_OutDiag2[0, 4][0, 4]
DifferentXY[3, 6]_and_OutDiag1[3, 6]_and_OutDiag2[3, 6][3, 6]
DifferentXY[1, 5]_and_OutDiag1[1, 5]_and_OutDiag2[1, 5][1, 5]
DifferentXY[2, 5]_and_OutDiag1[2, 5]_and_OutDiag2[2, 5][2, 5]
DifferentXY[1, 4]_and_OutDiag1[1, 4]_and_OutDiag2[1, 4][1, 4]
DifferentXY[4, 5]_and_OutDiag1[4, 5]_and_OutDiag2[4, 5][4, 5]
DifferentXY[0, 5]_and_OutDiag1[0, 5]_and_OutDiag2[0, 5][0, 5]
DifferentXY[0, 6]_and_OutDiag1[0, 6]_and_OutDiag2[0, 6][0, 6]
DifferentXY[3, 5]_and_OutDiag1[3, 5]_and_OutDiag2[3, 5][3, 5]
DifferentXY[4, 6]_and_OutDiag1[4, 6]_and_OutDiag2[4, 6][4, 6]
DifferentXY[1, 6]_and_OutDiag1[1, 6]_and_OutDiag2[1, 6][1, 6]
DifferentXY[2, 6]_and_OutDiag1[2, 6]_and_OutDiag2[2, 6][2, 6]
DifferentXY[3, 7]_and_OutDiag1[3, 7]_and_OutDiag2[3, 7][3, 7]
DifferentXY[5, 6]_and_OutDiag1[5, 6]_and_OutDiag2[5, 6][5, 6]
DifferentXY[1, 7]_and_OutDiag1[1, 7]_and_OutDiag2[1, 7][1, 7]
DifferentXY[4, 7]_and_OutDiag1[4, 7]_and_OutDiag2[4, 7][4, 7]
DifferentXY[6, 7]_and_OutDiag1[6, 7]_and_OutDiag2[6, 7][6, 7]
DifferentXY[2, 7]_and_OutDiag1[2, 7]_and_OutDiag2[2, 7][2, 7]
DifferentXY[0, 7]_and_OutDiag1[0, 7]_and_OutDiag2[0, 7][0, 7]
DifferentXY[5, 7]_and_OutDiag1[5, 7]_and_OutDiag2[5, 7][5, 7]
